City_ID,City,Country,Lat,Lng,Max Temp,Humidity,Cloudiness,Wind Speed,Current Description
0,Nome,US,64.5,-165.41,12.2,85,1,4.61,clear sky
1,Brunsbuttel,DE,53.9,9.15,63.0,93,100,8.01,overcast clouds
2,Bluff,NZ,-46.6,168.33,55.99,68,27,8.99,scattered clouds
3,Kapaa,US,22.08,-159.32,75.0,100,90,9.17,light rain
4,Barrow,US,71.29,-156.79,26.6,68,75,12.75,broken clouds
5,Tomatlan,MX,19.93,-105.25,75.65,91,4,3.47,clear sky
6,Bredasdorp,ZA,-34.53,20.04,64.4,82,99,10.29,overcast clouds
7,Eyl,SO,7.98,49.82,83.05,50,0,15.55,clear sky
8,Hermanus,ZA,-34.42,19.23,64.0,84,97,4.0,overcast clouds
9,Zhigansk,RU,66.77,123.37,2.7,92,100,22.15,overcast clouds
10,Carnarvon,AU,-24.87,113.63,73.4,49,0,14.99,clear sky
11,Krasnoselkup,RU,65.7,82.47,22.33,97,95,15.5,overcast clouds
12,Mataura,NZ,-46.19,168.86,55.99,68,25,8.99,scattered clouds
13,Hithadhoo,MV,-0.6,73.08,80.11,82,100,12.66,moderate rain
14,Rikitea,PF,-23.12,-134.97,73.92,85,78,24.65,broken clouds
15,Narsaq,GL,60.92,-46.05,17.6,52,0,4.7,clear sky
16,Barranco,PA,9.52,-82.7,74.79,85,97,2.48,overcast clouds
17,Menongue,AO,-14.66,17.69,70.14,53,21,2.21,few clouds
18,Ushuaia,AR,-54.8,-68.3,55.4,58,40,4.7,scattered clouds
19,East London,ZA,-33.02,27.91,60.8,100,20,6.93,few clouds
20,Nikolskoye,RU,59.7,30.79,33.8,100,90,8.95,overcast clouds
21,Port Hardy,CA,50.7,-127.42,53.6,93,90,2.24,overcast clouds
22,Atuona,PF,-9.8,-139.03,77.67,78,59,15.05,light rain
23,Coihaique,CL,-45.58,-72.07,51.8,62,0,3.36,clear sky
24,New Norfolk,AU,-42.78,147.06,82.99,27,92,1.01,overcast clouds
25,Omboue,GA,-1.57,9.26,75.43,93,99,5.23,moderate rain
26,Stoughton,US,42.13,-71.1,45.0,100,100,14.99,overcast clouds
27,Klaksvik,FO,62.23,-6.59,44.6,75,45,10.29,scattered clouds
28,Verkh-Chebula,RU,56.03,87.62,34.07,93,100,14.97,overcast clouds
29,Clyde River,CA,70.47,-68.59,8.6,84,90,14.99,overcast clouds
30,Vaini,TO,-21.2,-175.2,78.8,83,40,10.29,smoke
31,Uglegorsk,RU,49.08,142.03,46.56,69,78,13.51,broken clouds
32,Albany,US,42.6,-73.97,39.99,82,74,1.01,broken clouds
33,Punta Arenas,CL,-53.15,-70.92,50.0,76,0,8.05,clear sky
34,Manbij,SY,36.53,37.95,53.6,62,75,1.12,broken clouds
35,Tuatapere,NZ,-46.13,167.68,55.99,68,11,8.99,few clouds
36,Turayf,SA,31.67,38.66,57.2,93,40,8.05,scattered clouds
37,Butaritari,KI,3.07,172.79,82.13,80,40,10.4,light rain
38,Caranavi,BO,-15.82,-67.55,66.07,63,97,1.88,overcast clouds
39,Busselton,AU,-33.65,115.33,64.99,60,97,3.96,light rain
40,Khandyga,RU,62.67,135.6,-3.95,82,0,2.71,clear sky
41,Iqaluit,CA,63.75,-68.51,15.8,72,90,9.17,light snow
42,Fare,PF,-16.7,-151.02,80.76,77,23,19.19,light rain
43,Saint-Philippe,RE,-21.36,55.77,75.2,47,90,5.82,overcast clouds
44,Bambous Virieux,MU,-20.34,57.76,75.99,60,75,6.93,broken clouds
45,Bonavista,CA,48.65,-53.11,39.2,72,30,9.17,scattered clouds
46,Saint George,US,37.1,-113.58,61.0,15,1,3.71,clear sky
47,Richards Bay,ZA,-28.78,32.04,64.62,93,100,4.16,moderate rain
48,Vao,NC,-22.67,167.48,74.53,82,100,14.25,overcast clouds
49,Barra Do Garcas,BR,-15.89,-52.26,70.52,82,76,2.42,broken clouds
50,Qaanaaq,GL,77.48,-69.36,3.25,74,0,5.57,clear sky
51,Faya,SA,18.39,42.45,55.4,37,0,3.62,clear sky
52,Mount Gambier,AU,-37.83,140.77,82.4,28,68,12.75,broken clouds
53,Baykit,RU,61.67,96.37,32.94,93,100,7.9,overcast clouds
54,Manuk Mangkaw,PH,4.8,119.85,82.89,78,100,13.44,overcast clouds
55,Castro,BR,-24.79,-50.01,50.49,86,62,9.78,broken clouds
56,Collie,AU,-33.37,116.15,64.99,60,96,5.73,overcast clouds
57,Hilo,US,19.73,-155.09,80.6,69,1,3.36,clear sky
58,Presidencia Roque Saenz Pena,AR,-26.79,-60.44,59.79,73,41,6.42,scattered clouds
59,Miquelon,PM,47.1,-56.38,48.94,77,100,22.37,overcast clouds
60,Hearst,CA,49.68,-83.67,17.6,78,87,5.82,overcast clouds
61,Belmonte,BR,-15.86,-38.88,66.2,93,75,8.05,light rain
62,Puerto Ayora,EC,-0.74,-90.35,69.01,90,100,5.01,overcast clouds
63,Talaya,RU,61.38,152.75,23.05,95,100,4.76,overcast clouds
64,Manado,ID,1.49,124.85,87.8,58,40,5.82,scattered clouds
65,Kruisfontein,ZA,-34.0,24.73,64.99,82,11,1.99,few clouds
66,Guerrero Negro,MX,27.98,-114.06,68.94,76,0,10.38,clear sky
67,Tete,MZ,-16.16,33.59,77.0,69,20,4.7,few clouds
68,Nanortalik,GL,60.14,-45.24,32.16,90,0,35.52,clear sky
69,Avarua,CK,-21.21,-159.78,75.2,94,93,13.87,light rain
70,Fiumicino,IT,41.77,12.23,57.99,100,75,2.24,broken clouds
71,Hambantota,LK,6.12,81.12,85.86,65,64,2.26,broken clouds
72,Esperance,AU,-33.87,121.9,64.4,100,75,18.34,light rain
73,Ilulissat,GL,69.22,-51.1,19.4,73,100,9.17,overcast clouds
74,Port Alfred,ZA,-33.59,26.89,66.87,76,8,17.0,clear sky
75,Lata,PT,40.16,-8.33,64.0,93,83,1.25,broken clouds
76,Loubomo,CG,-4.2,12.67,71.38,95,100,0.76,overcast clouds
77,Yar-Sale,RU,66.83,70.83,23.14,96,45,10.31,scattered clouds
78,Upernavik,GL,72.79,-56.15,16.48,92,98,4.5,overcast clouds
79,Arraial Do Cabo,BR,-22.97,-42.03,67.77,71,1,14.85,clear sky
80,Raga,SS,8.46,25.68,74.03,77,95,1.23,overcast clouds
81,Codrington,AU,-38.27,141.97,74.68,69,31,11.54,scattered clouds
82,Rawson,AR,-43.3,-65.1,75.34,22,93,21.92,overcast clouds
83,Ostrovnoy,RU,68.05,39.51,38.01,87,100,24.96,overcast clouds
84,Lundazi,ZM,-12.29,33.18,72.91,58,28,10.42,scattered clouds
85,Sorland,NO,67.67,12.69,50.0,76,75,11.41,light rain
86,Kalmunai,LK,7.42,81.82,86.61,62,75,5.91,broken clouds
87,Palmer,US,42.16,-72.33,42.8,88,90,11.41,overcast clouds
88,Ribeira Grande,PT,38.52,-28.7,62.64,70,21,18.32,few clouds
89,Talnakh,RU,69.49,88.4,21.2,85,75,4.47,broken clouds
90,Nalut,LY,30.33,10.85,55.24,81,0,9.95,clear sky
91,Linkoping,SE,58.41,15.62,54.0,93,100,14.99,light rain
92,Thompson,CA,55.74,-97.86,21.2,100,75,4.7,broken clouds
93,Ancud,CL,-41.87,-73.82,46.99,93,50,4.7,scattered clouds
94,Dudinka,RU,69.41,86.18,21.2,85,75,4.47,broken clouds
95,Alamosa,US,37.47,-105.87,33.8,86,1,1.54,clear sky
96,Claremore,US,36.31,-95.62,43.0,59,90,3.47,haze
97,Bethel,US,41.37,-73.41,42.8,83,1,8.05,light rain
98,Marystown,CA,47.17,-55.15,46.99,100,100,5.99,overcast clouds
99,Los Llanos De Aridane,ES,28.66,-17.92,71.6,30,0,9.17,clear sky
100,Chara,RU,56.91,118.26,-0.94,85,17,2.33,few clouds
101,Khatanga,RU,71.97,102.5,7.18,93,99,8.1,overcast clouds
102,Hamilton,US,39.18,-84.53,36.0,55,1,9.17,clear sky
103,Nouadhibou,MR,20.93,-17.03,73.4,49,0,12.75,clear sky
104,High Level,CA,58.52,-117.14,21.2,85,90,14.99,overcast clouds
105,Provideniya,RU,64.38,-173.3,23.0,62,40,4.23,scattered clouds
106,Dikson,RU,73.51,80.55,16.72,97,92,8.57,overcast clouds
107,Muros,ES,42.78,-9.06,66.99,90,100,15.01,overcast clouds
108,Escanaba,US,45.75,-87.06,27.0,79,1,6.93,clear sky
109,Esna,EG,25.29,32.55,68.0,77,0,4.7,clear sky
110,Cavalcante,BR,-13.8,-47.46,67.41,91,86,2.75,light rain
111,Kavieng,PG,-2.57,150.8,86.02,65,8,2.71,clear sky
112,Pontes E Lacerda,BR,-15.23,-59.34,71.67,65,88,2.39,overcast clouds
113,Cabo San Lucas,MX,22.89,-109.91,77.0,69,5,4.12,clear sky
114,Geraldton,AU,-28.77,114.6,71.6,64,75,20.8,broken clouds
115,Paciran,ID,-6.88,112.38,86.54,63,74,7.54,broken clouds
116,San Quintin,MX,30.48,-115.95,66.27,65,0,5.17,clear sky
117,Kaitangata,NZ,-46.28,169.85,54.0,63,78,10.0,broken clouds
118,Poum,NC,-20.23,164.02,78.31,73,69,8.7,light rain
119,Sao Joao Da Barra,BR,-21.64,-41.05,65.44,81,61,17.74,broken clouds
120,Najran,SA,17.49,44.13,55.4,35,0,3.51,clear sky
121,Husavik,IS,66.04,-17.34,39.2,48,20,12.75,few clouds
122,Norden,DE,53.6,7.2,64.4,88,75,18.34,broken clouds
123,Dingle,PH,11.0,122.67,84.24,77,96,14.45,moderate rain
124,Victoria,HK,22.29,114.16,82.99,56,86,11.16,overcast clouds
125,Matucana,PE,-11.85,-76.4,58.82,39,46,0.34,scattered clouds
126,The Valley,AI,18.22,-63.06,82.4,78,75,11.41,haze
127,Labuhan,ID,-6.88,112.21,86.49,65,99,8.3,overcast clouds
128,Mirnyy,RU,62.54,113.96,3.2,84,0,11.18,clear sky
129,Chuy,UY,-33.7,-53.46,51.08,87,18,3.24,few clouds
130,Olesnica,PL,51.21,17.39,55.99,77,99,7.85,overcast clouds
131,Rabo De Peixe,PT,37.8,-25.58,62.6,82,20,12.75,few clouds
132,Shunyi,CN,40.12,116.65,55.99,11,0,20.13,clear sky
133,Dingzhou,CN,38.51,115.0,59.0,14,0,11.18,clear sky
134,Mar Del Plata,AR,-38.0,-57.56,57.99,93,0,3.36,clear sky
135,Yarada,IN,17.65,83.27,86.0,62,0,6.93,haze
136,Namibe,AO,-15.2,12.15,69.08,79,8,2.19,clear sky
137,Porosozero,RU,62.72,32.73,30.76,97,93,10.11,overcast clouds
138,Hobart,AU,-42.88,147.33,82.99,44,0,6.93,clear sky
139,Caravelas,BR,-17.71,-39.25,71.13,89,100,11.48,overcast clouds
140,Yulara,AU,-25.24,130.99,100.4,9,0,12.75,clear sky
141,Pitimbu,BR,-7.47,-34.81,78.8,78,75,5.82,broken clouds
142,Eyrarbakki,IS,63.86,-21.15,35.6,80,90,9.17,overcast clouds
143,Vostok,RU,46.49,135.88,32.86,90,81,10.16,broken clouds
144,Nicoya,CR,10.15,-85.45,72.88,95,100,2.57,overcast clouds
145,Roald,NO,62.58,6.13,53.6,58,94,11.41,light rain
146,Pevek,RU,69.7,170.31,14.94,97,100,7.67,light snow
147,Aripuana,BR,-9.17,-60.63,69.98,98,86,0.72,overcast clouds
148,Unai,BR,-16.36,-46.91,69.06,88,92,3.49,overcast clouds
149,San Rafael,AR,-34.62,-68.33,65.95,29,30,2.75,scattered clouds
150,Betsiamites,CA,48.94,-68.65,46.4,93,90,2.93,overcast clouds
151,West Bay,KY,19.37,-81.42,82.99,80,100,1.99,overcast clouds
152,Aldan,RU,58.6,125.39,-2.99,91,100,4.16,overcast clouds
153,Xiongyue,CN,40.18,122.12,46.98,50,24,19.39,light rain
154,Jamame,SO,0.07,42.75,81.97,72,49,10.56,moderate rain
155,Nkowakowa,ZA,-23.89,30.29,50.0,93,20,4.7,few clouds
156,Maragogi,BR,-9.01,-35.22,75.79,85,21,9.95,few clouds
157,Hwange,ZW,-18.37,26.5,76.66,46,0,12.91,clear sky
158,Sovetskiy,RU,61.36,63.58,28.09,94,84,6.69,broken clouds
159,Palmas,BR,-10.21,-48.36,75.2,94,40,3.36,light rain
160,Dzaoudzi,YT,-12.79,45.27,80.6,69,0,4.7,clear sky
161,Gillette,US,44.29,-105.5,50.0,45,1,3.36,clear sky
162,Ilinden,MK,42.0,21.58,37.4,93,0,0.96,clear sky
163,Nelson Bay,AU,-32.72,152.15,71.6,56,75,17.22,broken clouds
164,Cape Town,ZA,-33.93,18.42,63.0,82,0,10.29,clear sky
165,Faanui,PF,-16.48,-151.75,80.42,79,17,19.8,light rain
166,Buala,SB,-8.14,159.59,85.77,68,35,3.62,light rain
167,San Patricio,US,28.02,-97.52,66.2,68,1,8.05,clear sky
168,Nanding,CN,36.75,118.06,62.01,41,0,3.0,clear sky
169,Alamor,EC,-4.02,-80.02,55.96,86,81,1.3,broken clouds
170,Magadi,IN,12.97,77.23,82.0,74,40,2.24,mist
171,Fortuna,US,40.6,-124.16,48.2,100,1,6.93,clear sky
172,Laguna,US,38.42,-121.42,57.99,62,1,1.77,clear sky
173,Jamestown,US,42.1,-79.24,35.01,97,90,26.4,overcast clouds
174,Dolores,AR,-36.31,-57.68,49.64,66,28,2.86,scattered clouds
175,Hasaki,JP,35.73,140.83,72.0,82,75,8.05,shower rain
176,Pyay,MM,18.82,95.22,85.91,74,4,4.65,moderate rain
177,Aklavik,CA,68.22,-135.01,6.8,84,81,2.24,broken clouds
178,Avera,US,33.19,-82.53,55.4,54,1,11.41,clear sky
179,Port Elizabeth,ZA,-33.92,25.57,62.6,93,20,8.05,few clouds
180,Yellowknife,CA,62.46,-114.35,10.99,84,75,9.17,light snow
181,Georgetown,MY,5.41,100.34,86.0,79,40,5.82,scattered clouds
182,Grindavik,IS,63.84,-22.43,35.6,79,75,6.93,broken clouds
183,Urucara,BR,-2.54,-57.76,79.05,75,55,3.36,broken clouds
184,Pemangkat,ID,1.17,108.97,84.02,72,86,8.14,moderate rain
185,Lebu,CL,-37.62,-73.65,51.91,94,92,8.68,overcast clouds
186,Yola,NG,9.2,12.48,74.8,34,87,1.52,overcast clouds
187,Haines Junction,CA,60.75,-137.51,8.6,78,100,3.36,overcast clouds
188,Tha Chang,TH,9.26,99.19,88.0,78,20,9.17,shower rain
189,Aswan,EG,24.09,32.91,70.43,55,10,9.64,clear sky
190,Rudbar,AF,30.15,62.6,70.79,16,0,1.9,clear sky
191,Kodiak,US,57.79,-152.41,28.4,39,90,14.99,overcast clouds
192,Pyaozerskiy,RU,65.83,31.17,37.92,86,100,11.41,overcast clouds
193,Constitucion,CL,-35.33,-72.42,51.46,90,9,8.93,clear sky
194,Kieta,PG,-6.22,155.63,84.2,65,10,2.59,light rain
195,Ust-Nera,RU,64.57,143.2,-11.61,80,43,4.9,scattered clouds
196,Saint Anthony,US,45.02,-93.22,28.99,58,1,3.36,clear sky
197,Meulaboh,ID,4.14,96.13,85.91,65,85,3.06,overcast clouds
198,Mahon,ES,39.89,4.27,62.6,88,0,6.93,clear sky
199,Sao Filipe,CV,14.9,-24.5,78.08,77,54,3.2,broken clouds
200,Yuxia,CN,34.06,108.63,64.4,25,0,4.47,clear sky
201,Balakhninskiy,RU,58.01,114.28,11.75,82,77,2.75,broken clouds
202,Huaihua,CN,27.55,109.96,58.98,74,99,2.57,overcast clouds
203,Grand Gaube,MU,-20.01,57.66,75.99,51,68,4.0,broken clouds
204,Garowe,SO,8.41,48.48,77.7,44,0,8.25,clear sky
205,Bani Walid,LY,31.76,13.99,56.43,82,0,2.08,clear sky
206,Moyale,KE,3.52,39.06,69.39,85,40,8.66,scattered clouds
207,Preobrazheniye,RU,42.9,133.91,46.71,51,0,12.39,clear sky
208,Skuratovskiy,RU,54.11,37.6,41.83,93,99,9.86,overcast clouds
209,Ust-Kishert,RU,57.37,57.25,29.34,92,0,2.13,clear sky
210,Leshukonskoye,RU,64.9,45.76,31.51,97,100,7.07,overcast clouds
211,Bati,ET,11.18,40.02,67.51,45,0,5.64,clear sky
212,Yilan,TW,24.76,121.75,82.99,69,75,12.75,broken clouds
213,Pisco,PE,-13.7,-76.22,64.4,82,90,9.17,overcast clouds
214,Alaca,TR,40.17,34.84,40.17,69,0,1.57,clear sky
215,Airai,TL,-8.93,125.41,78.93,50,97,3.6,overcast clouds
216,Doka,SD,13.52,35.77,76.87,61,6,7.85,clear sky
217,Longyearbyen,SJ,78.22,15.64,28.02,95,66,8.77,broken clouds
218,Longavi,CL,-35.97,-71.68,51.91,85,1,3.91,clear sky
219,Hervey Bay,AU,-25.3,152.85,78.01,64,3,8.99,clear sky
220,Bengkulu,ID,-3.8,102.27,85.15,64,100,4.94,overcast clouds
221,Broome,US,42.25,-75.83,30.99,80,75,13.87,broken clouds
222,Aquidauana,BR,-20.47,-55.79,69.89,64,0,5.3,clear sky
223,Ponta Do Sol,PT,32.67,-17.1,66.2,77,40,5.82,scattered clouds
224,Fairbanks,US,64.84,-147.72,-0.99,75,1,2.24,clear sky
225,Kathu,TH,7.92,98.33,86.0,74,20,3.36,few clouds
226,Balikpapan,ID,-1.27,116.83,86.0,66,20,5.82,few clouds
227,Chokurdakh,RU,70.63,147.92,-1.17,93,100,13.0,light snow
228,Port Blair,IN,11.67,92.75,84.33,70,63,7.65,broken clouds
229,Alamo,MX,20.92,-97.68,65.77,87,8,5.99,clear sky
230,Kaniama,CD,-7.57,24.18,67.28,89,71,2.1,broken clouds
231,Poddorye,RU,57.47,31.12,36.39,90,45,3.91,scattered clouds
232,Tunceli,TR,39.11,39.55,62.6,45,75,9.17,broken clouds
233,Tiksi,RU,71.69,128.87,-5.04,90,8,6.55,clear sky
234,Calvia,ES,39.57,2.51,57.99,87,0,3.36,clear sky
235,Mahebourg,MU,-20.41,57.7,73.4,60,75,6.93,broken clouds
236,Half Moon Bay,US,37.46,-122.43,63.0,77,5,4.59,clear sky
237,Tabou,CI,4.42,-7.35,76.93,89,44,4.88,scattered clouds
238,Mogadishu,SO,2.04,45.34,77.0,69,75,2.24,broken clouds
239,Tawau,MY,4.25,117.89,87.8,70,20,10.29,few clouds
240,Mecca,SA,21.43,39.83,81.45,54,0,3.76,clear sky
241,Ketchikan,US,55.34,-131.65,51.8,93,90,46.08,heavy intensity rain
242,Pandan,PH,14.05,124.17,86.0,67,100,7.7,overcast clouds
243,Nemuro,JP,43.32,145.57,59.0,82,75,12.75,moderate rain
244,Toppenish,US,46.38,-120.31,42.01,80,1,0.51,clear sky
245,Lavrentiya,RU,65.58,-171.0,21.15,89,19,7.94,few clouds
246,Adrar,MR,20.5,-10.07,75.16,20,100,9.4,overcast clouds
247,San Cristobal,VE,7.77,-72.22,66.25,93,99,1.7,light rain
248,Walvis Bay,NA,-22.96,14.51,54.0,93,100,6.93,overcast clouds
249,Beringovskiy,RU,63.05,179.32,23.92,93,81,4.47,broken clouds
250,Matsumoto,JP,36.23,137.97,59.0,77,75,11.41,light intensity shower rain
251,Port-Cartier,CA,50.03,-66.87,39.2,86,100,4.7,overcast clouds
252,Ambilobe,MG,-13.2,49.05,79.68,46,61,6.98,broken clouds
253,Ust-Ishim,RU,57.69,71.17,31.51,95,92,7.87,overcast clouds
254,Bandarbeyla,SO,9.49,50.81,79.93,66,0,19.84,clear sky
255,Zeya,RU,53.75,127.27,20.59,86,100,9.44,overcast clouds
256,Puerto Leguizamo,CO,-0.19,-74.78,71.31,97,54,1.05,broken clouds
257,Bodrum,TR,37.04,27.43,60.8,59,20,17.22,few clouds
258,Herre,NO,59.1,9.57,57.0,98,95,15.99,light rain
259,Sechura,PE,-5.56,-80.82,62.19,84,68,7.54,broken clouds
260,Weinan,CN,34.5,109.51,64.4,25,0,4.47,clear sky
261,Ust-Ilimsk,RU,58.0,102.66,23.11,94,100,11.61,light snow
262,Sitka,US,57.05,-135.33,57.2,87,90,35.57,heavy intensity rain
263,El Alto,PE,-4.27,-81.21,60.26,94,100,15.68,overcast clouds
264,Coria,ES,39.99,-6.54,57.0,94,94,1.72,overcast clouds
265,Swan River,CA,52.11,-101.27,42.8,56,81,13.87,broken clouds
266,Edremit,TR,39.6,27.02,48.2,66,0,12.75,clear sky
267,Padang,ID,-0.95,100.35,84.7,68,79,7.02,moderate rain
268,Quatre Cocos,MU,-20.21,57.76,75.99,60,75,6.93,broken clouds
269,Kahului,US,20.89,-156.47,80.6,69,40,6.93,scattered clouds
270,Matay,EG,28.42,30.78,63.79,76,0,9.35,clear sky
271,Gemena,CD,3.25,19.77,70.5,89,100,0.85,overcast clouds
272,Sarakhs,IR,36.54,61.16,62.6,33,0,5.28,clear sky
273,Korla,CN,41.76,86.15,51.26,42,0,9.24,clear sky
274,Port Lincoln,AU,-34.73,135.87,77.32,39,82,15.66,broken clouds
275,Tuktoyaktuk,CA,69.45,-133.04,12.2,78,75,18.34,light snow
276,Havre,FR,49.58,0.33,62.6,82,90,18.34,overcast clouds
277,Selikhino,RU,50.37,137.5,39.2,70,24,12.91,few clouds
278,Katsuura,JP,35.13,140.3,72.0,73,75,14.99,broken clouds
279,Coahuayana,MX,18.73,-103.68,77.61,81,25,2.64,scattered clouds
280,Mount Isa,AU,-20.73,139.5,96.8,8,0,11.41,clear sky
281,Souillac,MU,-20.52,57.52,73.4,60,75,6.93,broken clouds
282,Denpasar,ID,-8.65,115.22,84.07,73,54,10.11,broken clouds
283,Hami,CN,42.8,93.45,55.36,34,20,4.56,few clouds
284,Karratha,AU,-20.74,116.85,83.77,43,15,18.61,few clouds
285,Samarai,PG,-10.62,150.67,83.82,75,56,11.81,broken clouds
286,Camacari,BR,-12.7,-38.32,78.8,88,40,8.05,scattered clouds
287,Gorontalo,ID,0.54,123.06,89.33,52,100,7.05,overcast clouds
288,Saskylakh,RU,71.92,114.08,-8.59,89,66,9.48,broken clouds
289,Ascension,US,30.22,-90.9,60.8,41,1,11.41,clear sky
290,Svobodnyy,RU,51.4,128.13,25.59,96,100,17.76,overcast clouds
291,Kutoarjo,ID,-7.72,109.91,75.99,66,100,7.4,light rain
292,Kabo,CF,7.7,18.63,72.9,84,100,1.48,overcast clouds
293,Emerald,AU,-23.53,148.17,93.2,16,0,11.41,clear sky
294,Santa Isabel Do Rio Negro,BR,-0.41,-65.02,71.85,94,57,2.62,broken clouds
295,Burnie,AU,-41.07,145.92,62.01,61,55,10.0,broken clouds
296,Ngunguru,NZ,-35.62,174.5,71.01,80,100,8.99,overcast clouds
297,Jalu,LY,29.03,21.55,60.73,73,1,6.69,clear sky
298,Kawhia,NZ,-38.07,174.82,65.95,66,100,1.43,overcast clouds
299,Assiniboia,CA,49.63,-105.98,39.2,60,10,11.41,clear sky
300,Sungaipenuh,ID,-2.08,101.38,76.01,76,99,4.56,moderate rain
301,Kununurra,AU,-15.77,128.73,100.4,27,48,5.82,scattered clouds
302,Honningsvag,NO,70.98,25.97,41.0,80,0,39.15,clear sky
303,Thaton,MM,16.92,97.37,87.75,66,0,1.48,clear sky
304,Viedma,AR,-40.81,-63.0,60.01,60,0,12.5,clear sky
305,Springbok,ZA,-29.66,17.89,69.28,24,0,9.22,clear sky
306,Westport,US,41.14,-73.36,44.01,82,83,1.01,broken clouds
307,Kudahuvadhoo,MV,2.67,72.89,83.05,71,26,8.16,scattered clouds
308,Sinnamary,GF,5.38,-52.95,79.68,83,97,7.43,light rain
309,Moerai,PF,-22.43,-151.33,76.44,84,100,13.27,overcast clouds
310,Urumqi,CN,43.8,87.6,44.6,42,0,2.24,clear sky
311,Severo-Kurilsk,RU,50.68,156.12,42.78,78,43,13.4,scattered clouds
312,Okhotsk,RU,59.38,143.3,23.65,89,98,21.7,overcast clouds
313,Teguise,ES,29.06,-13.56,68.0,88,0,14.99,clear sky
314,Altay,CN,47.87,88.12,43.0,51,67,1.68,broken clouds
315,Hobyo,SO,5.35,48.53,81.45,72,2,8.32,light rain
316,Ibanda,TZ,-2.8,32.47,69.8,88,40,5.82,scattered clouds
317,Nagato,JP,34.38,131.2,60.8,93,75,1.12,light intensity shower rain
318,Pak Phanang,TH,8.35,100.2,87.8,74,20,5.82,few clouds
319,Saint-Pierre,RE,-21.34,55.48,75.2,47,90,5.82,overcast clouds
320,Izumo,JP,35.37,132.77,60.8,93,75,5.82,mist
321,Mayor Pablo Lagerenza,PY,-19.93,-60.77,67.69,41,0,3.29,clear sky
322,Deputatskiy,RU,69.3,139.9,-15.56,88,16,5.57,few clouds
323,Luderitz,NA,-26.65,15.16,59.67,78,82,3.62,broken clouds
324,Tura,IN,25.52,90.22,81.64,70,85,2.35,overcast clouds
325,Goderich,CA,43.75,-81.72,33.8,80,100,31.09,overcast clouds
326,Saint-Denis,FR,48.92,2.33,64.99,77,75,17.22,broken clouds
327,Sioux Lookout,CA,50.1,-91.92,28.4,58,90,10.29,overcast clouds
328,Kenai,US,60.55,-151.26,24.01,37,1,29.97,clear sky
329,Lompoc,US,34.64,-120.46,62.6,77,1,4.47,clear sky
330,Kamaishi,JP,39.27,141.88,53.6,93,75,4.7,light intensity shower rain
331,Nabire,ID,-3.37,135.48,83.26,81,90,4.0,light rain
332,Acapulco,MX,16.86,-99.89,80.01,78,63,5.95,broken clouds
333,Lasa,IT,46.62,10.7,42.01,100,20,2.24,few clouds
334,Pundaguitan,PH,6.37,126.17,84.58,72,100,12.01,overcast clouds
335,Qaqortoq,GL,60.72,-46.03,17.6,52,0,4.7,clear sky
336,Pierre,US,44.37,-100.35,39.99,51,1,4.7,clear sky
337,Brezno,SK,48.8,19.64,46.0,74,98,1.63,overcast clouds
338,Terrasini,IT,38.15,13.08,59.0,82,0,4.7,clear sky
339,Marzuq,YE,14.4,46.47,69.66,24,0,3.24,clear sky
340,Ahipara,NZ,-35.17,173.17,66.25,89,99,7.61,overcast clouds
341,Horta,PT,38.53,-28.63,62.1,70,25,17.34,scattered clouds
342,Tasiilaq,GL,65.61,-37.64,26.6,58,0,4.7,clear sky
343,Piopio,NZ,-38.47,175.02,69.19,58,100,4.45,overcast clouds
344,Kiruna,SE,67.86,20.23,37.4,93,100,16.11,overcast clouds
345,Isangel,VU,-19.55,169.27,86.0,70,75,12.75,broken clouds
346,Maputo,MZ,-25.97,32.59,69.01,94,75,3.36,broken clouds
347,Yazoo City,US,32.86,-90.41,53.6,61,1,8.68,clear sky
348,Barcelos,PT,41.54,-8.62,64.4,93,90,11.41,overcast clouds
349,Nsanje,MW,-16.92,35.26,77.77,68,0,3.56,clear sky
350,Kletnya,RU,53.39,33.22,46.4,93,90,6.71,mist
351,Torbay,CA,47.67,-52.73,39.99,74,75,12.75,broken clouds
352,Mineros,BO,-17.12,-63.23,69.98,38,67,5.39,broken clouds
353,Moron,AR,-34.65,-58.62,64.99,55,0,1.01,clear sky
354,Bassar,TG,9.25,0.78,67.84,69,53,1.52,broken clouds
355,Belaya Gora,RU,68.53,146.42,-4.65,88,98,8.79,overcast clouds
356,Jian,CN,27.12,114.98,65.97,68,95,8.75,overcast clouds
357,Leningradskiy,RU,69.38,178.42,17.98,84,87,4.99,overcast clouds
358,Kajaani,FI,64.23,27.73,41.0,86,100,13.87,overcast clouds
359,Calama,CL,-22.47,-68.93,44.6,33,0,10.29,clear sky
360,Lincoln,US,40.8,-96.67,37.99,58,1,3.36,clear sky
361,Saquarema,BR,-22.92,-42.51,64.74,77,16,10.4,few clouds
362,Luangwa,ZM,-15.62,30.42,79.41,58,8,11.61,clear sky
363,Saldanha,ZA,-33.01,17.94,59.0,72,0,2.24,clear sky
364,Suihua,CN,46.64,127.0,30.54,88,68,14.36,broken clouds
365,Necochea,AR,-38.55,-58.74,50.0,85,3,4.0,clear sky
366,Birao,CF,10.28,22.79,72.93,46,66,1.32,broken clouds
367,Sambava,MG,-14.27,50.17,75.9,55,40,11.14,scattered clouds
368,Surt,LY,31.21,16.59,68.5,63,6,5.88,clear sky
369,Petropavlovsk-Kamchatskiy,RU,53.05,158.65,46.4,49,55,6.71,broken clouds
370,Paragominas,BR,-2.97,-47.48,73.98,83,27,3.02,scattered clouds
371,Ucluelet,CA,48.93,-125.55,46.0,87,94,8.63,overcast clouds
372,Kuching,MY,1.55,110.33,91.4,59,40,8.05,scattered clouds
373,Bend,US,44.06,-121.32,42.8,56,1,3.36,clear sky
374,Namatanai,PG,-3.67,152.43,85.19,70,75,4.32,light rain
375,Bangalore,IN,12.98,77.6,82.0,74,40,2.24,mist
376,Guarapari,BR,-20.67,-40.5,68.0,77,75,17.22,broken clouds
377,Ternate,ID,0.8,127.4,84.83,71,88,8.12,moderate rain
378,Seoul,KR,37.57,126.98,60.8,22,1,11.12,clear sky
379,Lubao,PH,14.92,120.55,86.0,78,90,9.17,moderate rain
380,Sayyan,YE,15.17,44.32,53.2,38,0,6.15,clear sky
381,Tecoanapa,MX,16.52,-98.75,78.96,81,34,3.62,scattered clouds
382,Talcahuano,CL,-36.72,-73.12,53.6,87,85,3.36,overcast clouds
383,Athabasca,CA,54.72,-113.29,44.6,65,63,5.82,broken clouds
384,Taltal,CL,-25.4,-70.48,56.53,75,9,1.05,clear sky
385,Druzhba,UA,52.04,33.95,44.94,88,94,7.63,overcast clouds
386,Halifax,CA,44.65,-63.57,55.99,87,100,26.4,moderate rain
387,Buraydah,SA,26.33,43.98,60.8,48,0,4.7,clear sky
388,Maniitsoq,GL,65.42,-52.9,22.82,94,80,9.42,broken clouds
389,Matara,LK,5.95,80.54,88.14,58,21,6.11,few clouds
390,Asau,RO,46.43,26.4,39.0,81,4,5.84,clear sky
391,Maxixe,MZ,-23.86,35.35,75.2,69,40,4.7,scattered clouds
392,Gumia,IN,23.78,85.82,85.35,39,0,4.25,clear sky
393,Novikovo,RU,51.15,37.89,47.5,89,99,12.75,light rain
394,Wladyslawowo,PL,54.79,18.4,53.01,100,90,10.29,mist
395,Kuryk,KZ,43.2,51.65,62.62,40,0,9.55,clear sky
396,Camopi,GF,3.17,-52.32,72.5,97,13,1.39,few clouds
397,Narsipatnam,IN,17.67,82.62,86.0,62,0,6.93,haze
398,Kourou,GF,5.16,-52.65,75.2,100,99,2.24,heavy intensity rain
399,San Francisco,US,37.77,-122.42,64.0,72,20,3.36,few clouds
400,Jumla,NP,29.27,82.18,63.45,30,0,5.39,clear sky
401,Santa Cruz Del Norte,CU,23.15,-81.92,77.0,100,20,4.7,few clouds
402,Rognan,NO,67.1,15.39,51.8,57,75,19.46,broken clouds
403,Olot,ES,42.18,2.49,55.0,63,0,1.01,clear sky
404,Dunmore Town,BS,25.5,-76.65,81.43,79,1,9.1,clear sky
405,Chiang Klang,TH,19.29,100.86,84.2,74,20,5.82,few clouds
406,Bage,BR,-31.33,-54.11,51.8,93,0,4.7,clear sky
407,Auburn Hills,US,42.69,-83.23,34.0,55,90,23.04,overcast clouds
408,Coihueco,CL,-36.62,-71.83,48.2,100,5,6.93,clear sky
409,Mascote,BR,-15.56,-39.3,66.78,97,100,4.5,light rain
410,Banamba,ML,13.55,-7.45,72.54,26,0,5.28,clear sky
411,Chenzhou,CN,25.8,113.03,58.55,80,100,5.86,overcast clouds
412,Nongstoin,IN,25.52,91.27,71.56,79,88,4.21,overcast clouds
413,Bharatpur,IN,27.22,77.48,64.4,63,5,2.24,haze
414,Bonfim,BR,3.08,-59.95,76.82,85,99,4.03,overcast clouds
415,Naryan-Mar,RU,67.67,53.09,32.72,96,94,9.62,overcast clouds
416,Debre Tabor,ET,11.85,38.02,55.63,64,7,3.56,clear sky
417,Hovd,MN,48.01,91.64,34.12,76,9,3.11,clear sky
418,Cumberland,US,35.05,-78.87,57.2,62,1,14.99,clear sky
419,Nyurba,RU,63.28,118.33,8.04,86,78,9.95,broken clouds
420,Hailar,CN,49.2,119.7,19.98,79,100,17.11,overcast clouds
421,Inta,RU,66.03,60.17,26.15,97,100,17.22,overcast clouds
422,San Jose,US,37.34,-121.89,66.99,52,20,1.68,haze
423,Skibbereen,IE,51.55,-9.27,44.6,87,75,11.41,broken clouds
424,Zheleznodorozhnyy,RU,55.75,38.0,41.0,100,90,8.95,fog
425,Marsa Matruh,EG,31.35,27.25,64.4,82,40,6.93,scattered clouds
426,Rebrikha,RU,53.07,82.34,35.82,85,100,10.02,overcast clouds
427,Iquique,CL,-20.22,-70.14,62.6,72,90,5.82,overcast clouds
428,Shelburne,CA,44.08,-80.2,32.0,98,90,18.34,snow
429,Homer,US,59.64,-151.55,23.0,37,1,6.93,clear sky
430,Barinas,VE,8.62,-70.21,71.33,92,95,2.04,overcast clouds
431,Harrogate,GB,53.99,-1.54,61.0,93,83,10.29,moderate rain
432,Bubaque,GW,11.28,-15.83,83.44,76,0,12.82,clear sky
433,Guayanilla,PR,18.02,-66.79,77.0,87,57,1.99,broken clouds
434,Savannah Bight,HN,16.45,-85.85,82.85,79,95,21.72,moderate rain
435,Sterling,US,39.01,-77.43,41.0,41,75,16.11,broken clouds
436,Martinsburg,US,39.46,-77.96,37.4,40,1,20.8,clear sky
437,Hit,IQ,33.64,42.83,72.48,23,76,11.81,broken clouds
438,Machado,BR,-21.67,-45.92,51.46,86,7,3.22,clear sky
439,Waling,NP,27.98,83.77,81.61,47,1,3.74,clear sky
440,Mirabad,AF,30.44,61.84,71.74,14,0,2.28,clear sky
441,Kaili,ID,-3.46,120.21,80.98,61,95,4.56,light rain
442,Belur,IN,13.17,75.87,77.16,60,0,4.59,clear sky
443,Amboasary,MG,-25.03,46.38,73.4,78,40,20.8,scattered clouds
444,Srednekolymsk,RU,67.45,153.68,-6.56,90,38,7.76,scattered clouds
445,Pacific Grove,US,36.62,-121.92,55.4,100,90,2.62,fog
446,Henties Bay,NA,-22.12,14.28,54.0,93,100,2.57,overcast clouds
447,Starachowice,PL,51.04,21.07,46.99,99,66,6.55,broken clouds
448,Pecos,US,31.42,-103.49,50.0,43,1,5.82,clear sky
449,Strezhevoy,RU,60.73,77.59,32.0,97,90,8.95,overcast clouds
450,Kuna,US,43.49,-116.42,46.4,51,0,1.97,clear sky
451,Alofi,NU,-19.06,-169.92,77.0,88,75,13.87,broken clouds
452,Russkaya Polyana,UA,49.42,31.92,44.94,91,100,11.25,overcast clouds
453,Rockingham,US,42.97,-71.1,45.0,89,99,1.01,moderate rain
454,Levittown,US,40.16,-74.83,43.0,56,1,11.41,clear sky
455,Sibu,MY,2.3,111.82,87.8,74,40,3.36,scattered clouds
456,Cidreira,BR,-30.18,-50.21,60.66,65,8,4.03,clear sky
457,Sao Joao Do Piaui,BR,-8.36,-42.25,76.95,79,96,2.57,overcast clouds
458,Dhidhdhoo,MV,6.88,73.1,82.92,65,4,2.98,clear sky
459,Havoysund,NO,71.0,24.66,44.6,75,40,31.09,scattered clouds
460,Dolinsk,RU,47.35,142.8,55.4,50,20,8.95,few clouds
461,Hassleholm,SE,56.16,13.77,59.0,100,100,12.86,overcast clouds
462,Te Anau,NZ,-45.42,167.72,58.89,46,10,3.56,clear sky
463,Makushino,RU,55.21,67.24,31.66,94,3,5.64,clear sky
464,Zhangye,CN,38.93,100.45,52.41,36,0,2.95,clear sky
465,Cap Malheureux,MU,-19.98,57.61,75.99,51,64,4.0,broken clouds
466,Kirkuk,IQ,35.47,44.39,75.97,18,53,12.24,broken clouds
467,Visnes,NO,59.36,5.22,53.6,93,100,31.09,light rain
468,Bajil,YE,15.06,43.29,82.13,49,0,2.77,clear sky
469,Pismo Beach,US,35.14,-120.64,64.4,76,1,3.36,clear sky
470,Bereda,ES,43.27,-7.54,62.01,98,100,11.99,overcast clouds
471,Aborlan,PH,9.44,118.55,86.0,74,90,9.17,moderate rain
472,Roebourne,AU,-20.78,117.13,86.11,35,19,19.33,few clouds
473,Kandara,IN,25.72,73.28,84.09,14,0,2.24,clear sky
474,Atambua,ID,-9.11,124.89,88.5,47,82,1.97,broken clouds
475,Koroni,GR,36.8,21.95,61.0,93,20,4.07,few clouds
476,Mut,TR,36.64,33.44,54.18,56,11,4.68,few clouds
477,Zhicheng,CN,30.3,111.5,72.3,30,18,5.64,few clouds
478,Kirakira,SB,-10.45,161.92,80.67,80,100,6.46,light rain
479,Pangnirtung,CA,66.15,-65.71,7.3,83,44,5.88,scattered clouds
480,Brae,GB,60.4,-1.35,50.0,81,40,31.09,scattered clouds
481,Lupiro,TZ,-8.38,36.67,75.63,73,68,5.44,broken clouds
482,Jingdezhen,CN,29.29,117.21,68.92,66,72,5.68,broken clouds
483,Vaitape,PF,-16.52,-151.75,81.27,78,18,19.73,light rain
484,Magadan,RU,59.57,150.8,31.28,95,100,12.39,overcast clouds
485,Eureka,US,40.8,-124.16,48.2,93,1,3.36,clear sky
486,Lima,PE,-12.04,-77.03,62.6,82,90,12.75,overcast clouds
487,Dauphin,CA,51.15,-100.05,44.6,48,1,14.99,clear sky
488,Pavilosta,LV,56.89,21.19,46.4,93,100,9.17,overcast clouds
489,Akdagmadeni,TR,39.66,35.88,42.15,73,41,2.28,scattered clouds
490,Chiang Rai,TH,19.92,99.92,89.01,78,20,4.7,few clouds
491,Louth,GB,53.37,0.0,62.6,88,95,27.51,overcast clouds
492,Bjornevatn,NO,69.67,29.98,39.2,86,90,23.04,overcast clouds
493,Sola,VU,-13.88,167.55,81.19,84,47,17.34,light rain
494,Sompeta,IN,18.93,84.6,86.09,63,7,6.4,clear sky
495,Tromso,NO,69.65,18.96,48.2,61,75,39.15,broken clouds
496,Veraval,IN,20.9,70.37,86.65,38,0,11.32,clear sky
497,Berlevag,NO,70.86,29.09,41.0,80,0,39.15,clear sky
498,Ondjiva,AO,-17.07,15.73,76.46,33,42,3.09,scattered clouds
499,Kavaratti,IN,10.57,72.64,84.2,79,40,4.7,scattered clouds
500,Muli,MV,2.92,73.57,83.1,71,75,7.49,broken clouds
501,Istria,RO,44.57,28.72,41.0,100,90,8.05,fog
502,Rio Gallegos,AR,-51.62,-69.22,46.4,81,0,8.05,clear sky
503,Whitehorse,CA,60.72,-135.05,3.99,77,90,13.87,light snow
504,Rio Claro,BR,-22.41,-47.56,54.21,78,1,6.87,clear sky
505,Mehamn,NO,71.04,27.85,41.0,80,0,39.15,clear sky
506,Yumen,CN,40.28,97.2,51.33,39,0,4.97,clear sky
507,Coos Bay,US,43.37,-124.22,46.99,100,1,5.82,clear sky
508,Praia,CV,14.92,-23.51,75.2,88,20,4.7,few clouds
509,Purpe,RU,64.48,76.69,23.56,97,68,17.81,broken clouds
510,Baikunthpur,IN,23.25,82.55,80.44,29,0,5.41,clear sky
511,Champerico,GT,14.3,-91.92,69.01,95,46,3.4,light rain
512,Zambezi,ZM,-13.54,23.1,67.75,39,17,1.72,few clouds
513,Santiago,CL,-33.46,-70.65,61.0,76,0,6.93,clear sky
514,Kemise,ET,10.72,39.87,67.23,53,1,2.17,clear sky
515,Ust-Tsilma,RU,65.44,52.15,31.64,96,97,7.94,overcast clouds
516,Sur,OM,22.57,59.53,81.07,22,0,3.0,clear sky
517,Marawi,PH,8.0,124.29,84.0,74,96,15.01,overcast clouds
518,Ostersund,SE,63.18,14.64,45.0,93,100,20.8,overcast clouds
519,Yabrud,SY,33.97,36.66,59.0,82,75,5.82,broken clouds
520,Wanaka,NZ,-44.7,169.15,58.59,53,100,4.72,overcast clouds
521,Listvyanka,RU,51.85,104.87,30.2,74,0,8.95,clear sky
522,Preston,GB,53.77,-2.72,52.0,88,92,12.1,light rain
523,Tahoua,NE,14.89,5.27,73.9,23,0,14.43,clear sky
524,Tocopilla,CL,-22.09,-70.2,60.15,60,2,1.92,clear sky
525,Dubbo,AU,-32.25,148.62,78.8,31,27,9.17,scattered clouds
526,Katherine,AU,-14.47,132.27,104.0,8,62,17.22,broken clouds
527,Ankang,CN,32.68,109.02,68.36,30,7,0.31,light rain
528,Fukue,JP,32.69,128.84,62.6,93,75,8.05,broken clouds
529,Imbituba,BR,-28.24,-48.67,62.6,88,75,5.82,broken clouds
530,Shieli,KZ,44.17,66.75,57.9,32,1,3.18,clear sky
531,Magway,MM,20.15,94.92,87.8,64,19,6.24,few clouds
532,Tual,ID,-5.67,132.75,83.52,74,68,11.77,broken clouds
533,Kiama,AU,-34.68,150.87,72.0,70,68,1.99,broken clouds
534,Ca Mau,VN,9.18,105.15,84.76,76,100,6.6,overcast clouds
535,Sisimiut,GL,66.94,-53.67,26.67,88,98,7.94,light snow
536,Cockburn Town,TC,21.46,-71.14,81.99,78,100,17.67,overcast clouds
537,Tulun,RU,54.56,100.58,27.7,83,63,8.39,broken clouds
538,Olinda,BR,-8.01,-34.86,80.6,69,40,6.93,scattered clouds
539,Tadine,NC,-21.55,167.88,77.68,73,82,11.21,broken clouds
540,Gifhorn,DE,52.48,10.55,62.6,82,100,10.29,overcast clouds
541,Tazovskiy,RU,67.47,78.7,18.82,97,98,14.34,overcast clouds
542,Nha Trang,VN,12.25,109.18,89.6,55,40,17.22,scattered clouds
543,Micheweni,TZ,-4.97,39.83,80.08,72,10,6.49,clear sky
544,Gopalpur,IN,19.27,84.92,85.35,64,52,6.51,broken clouds
545,Gat,IL,31.61,34.76,69.01,80,89,5.41,overcast clouds
546,Vikhorevka,RU,56.12,101.16,24.8,79,75,11.18,broken clouds
547,Leh,IN,34.17,77.58,35.37,60,0,1.63,clear sky
548,Vila Velha,BR,-20.33,-40.29,68.0,77,75,17.22,broken clouds
549,Montepuez,MZ,-13.13,39.0,75.4,60,0,3.76,clear sky
550,Scarborough,GB,54.28,-0.4,61.0,82,85,5.01,overcast clouds
551,Pampa,US,35.54,-100.96,50.0,57,1,14.99,clear sky
552,Imuris,MX,30.78,-110.87,68.68,30,11,10.36,few clouds
553,Tarauaca,BR,-8.16,-70.77,71.08,80,34,0.31,scattered clouds
554,Wanning,CN,18.8,110.4,79.84,69,66,15.14,broken clouds
555,Noyabrsk,RU,63.2,75.45,23.34,97,45,13.98,scattered clouds
556,Mlalo,TZ,-4.93,38.93,77.67,76,17,2.93,few clouds
557,Devils Lake,US,48.11,-98.87,37.4,64,1,16.11,clear sky
558,Boa Vista,BR,2.82,-60.67,75.2,83,75,4.7,broken clouds
559,Coquimbo,CL,-29.95,-71.34,55.4,82,90,2.24,overcast clouds
560,Soyo,AO,-6.13,12.37,77.45,86,100,3.02,overcast clouds
561,Cocentaina,ES,38.74,-0.44,57.0,72,0,4.56,clear sky
562,Santa Rosa,PH,14.31,121.11,88.0,66,75,6.93,broken clouds
563,Rockport,US,28.02,-97.05,66.0,72,1,5.82,clear sky
564,Vila Franca Do Campo,PT,37.72,-25.43,62.6,82,20,16.11,few clouds
565,Barstow,US,34.9,-117.02,66.2,14,1,2.71,clear sky
566,Umm Kaddadah,SD,13.6,26.69,76.96,27,22,23.64,few clouds
567,Koltubanovskiy,RU,52.94,52.03,39.72,75,13,6.76,few clouds
568,Dori,BF,14.04,-0.03,76.55,19,0,9.71,clear sky
569,Ginda,IN,30.69,78.49,69.8,64,20,3.36,haze
570,Anqiu,CN,36.43,119.19,62.85,30,0,14.41,clear sky
571,Bathsheba,BB,13.22,-59.52,82.4,78,40,23.04,scattered clouds
572,Xinzhi,CN,36.5,111.7,57.67,30,0,10.2,clear sky
573,Axim,GH,4.87,-2.24,77.07,89,15,6.13,light rain
574,Yinchuan,CN,38.47,106.27,49.23,39,0,2.46,clear sky
575,Constancia,MX,24.22,-107.19,75.0,75,38,7.83,scattered clouds
576,Candolim,IN,15.52,73.76,82.4,83,20,5.82,light rain
577,Lapua,FI,62.97,23.01,46.99,87,100,7.0,overcast clouds
578,Constantine,DZ,36.37,6.61,46.4,87,0,2.75,clear sky
579,Estelle,US,29.85,-90.11,63.0,55,1,10.29,clear sky
580,Byron Bay,AU,-28.65,153.62,73.99,60,90,19.46,overcast clouds
581,Koutsouras,GR,35.03,25.95,64.99,50,9,10.0,clear sky
582,Tuscaloosa,US,33.21,-87.57,53.6,56,1,11.41,clear sky
583,Marfino,RU,55.7,37.38,41.0,100,90,8.95,mist
584,Matagami,CA,49.75,-77.63,23.0,92,100,18.01,overcast clouds
585,Tarime,TZ,-1.35,34.37,69.44,60,54,12.8,broken clouds
586,Aksu,CN,41.12,80.26,51.85,39,1,1.32,clear sky
587,Saint-Avold,FR,49.1,6.7,64.0,87,100,1.99,overcast clouds
588,Newala,TZ,-10.94,39.28,71.85,74,10,5.26,clear sky
589,Biltine,TD,14.53,20.92,80.15,25,56,20.65,broken clouds
590,Sakakah,SA,29.97,40.21,66.2,45,40,5.82,dust
591,Puerto Baquerizo Moreno,EC,-0.9,-89.6,68.58,90,100,9.86,overcast clouds
592,Qui Nhon,VN,13.77,109.23,79.43,75,78,20.31,light rain
593,Riyadh,SA,24.69,46.72,60.8,48,0,7.02,clear sky
594,Lagoa,PT,39.05,-27.98,61.92,67,16,16.69,few clouds
595,Mount Pleasant,US,32.79,-79.86,62.01,77,1,10.29,clear sky
596,Puerto Escondido,MX,15.85,-97.07,78.8,74,5,5.82,clear sky
597,San Policarpo,PH,12.18,125.51,83.35,80,97,6.4,overcast clouds
598,Taoudenni,ML,22.68,-3.98,73.4,21,100,12.55,overcast clouds
599,Villa Carlos Paz,AR,-31.42,-64.5,62.01,55,0,4.05,clear sky
600,Jalpan,MX,21.23,-99.48,58.39,78,27,2.04,scattered clouds
601,Svetlogorsk,BY,52.63,29.73,42.22,88,97,5.41,overcast clouds
602,Atasu,KZ,48.68,71.64,42.08,57,98,5.59,overcast clouds
603,Sucua,EC,-2.47,-78.17,67.48,78,87,2.66,overcast clouds
604,Mwinilunga,ZM,-11.74,24.43,66.38,51,33,3.22,scattered clouds
605,Bontang,ID,0.13,117.5,82.09,72,100,7.61,moderate rain
606,Buenos Aires,AR,-34.61,-58.38,66.2,45,0,10.29,clear sky
607,Thunder Bay,CA,48.4,-89.32,26.6,53,90,6.93,overcast clouds
608,Chiriguana,CO,9.36,-73.6,73.58,87,95,1.72,light rain
609,Kikwit,CD,-5.04,18.82,70.32,98,100,3.31,light rain
610,Komsomolskiy,UZ,40.43,71.72,53.6,22,40,4.7,scattered clouds
611,Sindou,BF,10.67,-5.17,71.44,46,0,0.81,clear sky
612,Huambo,AO,-12.78,15.74,63.19,79,80,1.68,broken clouds
613,Batsfjord,NO,70.63,29.72,42.8,81,75,6.93,broken clouds
614,Ugoofaaru,MV,5.67,73.0,82.98,69,41,7.18,scattered clouds
615,Coronel Bogado,PY,-27.18,-56.3,60.3,72,0,5.93,clear sky
616,Jackson,US,42.42,-122.83,59.0,38,1,1.83,clear sky
617,Segezha,RU,63.74,34.32,33.03,94,87,14.79,overcast clouds
618,Umm Lajj,SA,25.02,37.27,81.03,53,15,2.48,few clouds
619,Goure,NE,13.98,10.27,75.99,27,25,10.0,scattered clouds
620,Banjar,ID,-8.19,114.97,87.73,59,73,2.26,light rain
621,Sept-Iles,CA,50.2,-66.38,39.2,86,100,4.7,light rain
622,Nioro,GM,13.35,-15.75,74.98,62,6,3.74,clear sky
623,Svetlaya,RU,46.54,138.33,47.23,54,17,7.09,few clouds
624,Ibra,OM,22.69,58.53,80.01,15,0,1.66,clear sky
625,Khovu-Aksy,RU,51.13,93.6,29.5,90,100,2.86,overcast clouds
626,Baker City,US,44.77,-117.83,37.4,59,1,3.62,clear sky
627,Sorong,ID,-0.88,131.25,83.14,79,100,7.02,moderate rain
628,Waddan,LY,29.16,16.14,54.97,90,6,1.7,clear sky
629,Manturovo,RU,58.34,44.76,28.67,97,19,4.03,few clouds
630,Tha Rua,TH,14.56,100.72,86.0,68,66,4.0,broken clouds
631,Bay-Khaak,RU,51.17,94.5,30.79,87,91,1.19,overcast clouds
632,Kaeo,NZ,-35.1,173.78,71.01,80,99,8.99,overcast clouds
633,Conakry,GN,9.54,-13.68,80.82,81,2,7.27,clear sky
634,Salinopolis,BR,-0.61,-47.36,78.67,85,65,8.68,broken clouds
635,Mandurah,AU,-32.55,115.7,70.0,60,40,12.75,light rain
636,Praia Da Vitoria,PT,38.73,-27.07,62.6,82,75,16.24,broken clouds
637,Mochudi,BW,-24.42,26.15,59.0,100,0,4.7,clear sky
638,Cordoba,AR,-31.41,-64.18,62.01,50,0,8.05,clear sky
639,Touho,NC,-20.78,165.23,77.61,78,99,12.08,overcast clouds
640,Vanino,RU,49.09,140.25,46.85,55,99,4.68,overcast clouds
641,Paamiut,GL,61.99,-49.67,26.37,92,47,4.83,scattered clouds
642,Bac Lieu,VN,9.29,105.72,83.86,77,99,11.5,moderate rain
643,Elizabeth City,US,36.29,-76.25,57.2,82,1,17.22,clear sky
644,Minsk,BY,53.9,27.57,41.0,93,75,4.47,broken clouds
645,Tautira,PF,-17.73,-149.15,82.4,69,40,2.24,shower rain
646,Launceston,AU,-41.45,147.17,69.01,60,43,19.46,scattered clouds
647,Foumban,CM,5.73,10.9,62.78,100,100,1.5,light rain
648,Lerwick,GB,60.15,-1.15,50.0,81,33,32.21,scattered clouds
649,Phibun Mangsahan,TH,15.24,105.23,86.0,62,0,14.99,clear sky
650,Cherskiy,RU,68.75,161.3,0.18,91,93,5.35,overcast clouds
651,Kismayo,SO,-0.36,42.55,82.06,71,36,11.74,light rain
652,Saint-Augustin,CA,51.23,-58.65,39.81,86,100,14.43,overcast clouds
653,Nanjing,CN,32.06,118.78,71.6,49,75,4.47,haze
654,Yangambi,CD,0.81,24.43,70.83,98,90,0.96,overcast clouds
655,Marshfield,US,44.67,-90.17,25.0,62,1,5.82,clear sky
656,Havelock,US,34.88,-76.9,57.99,93,1,12.75,clear sky
657,Talara,PE,-4.58,-81.27,62.82,88,99,14.88,overcast clouds
658,Sabang,ID,5.89,95.32,82.13,77,100,9.93,overcast clouds
659,Caxito,AO,-8.58,13.66,77.0,88,75,5.82,broken clouds
660,Punta Alta,AR,-38.88,-62.07,60.03,62,5,12.3,clear sky
661,Beloha,MG,-25.17,45.05,75.96,59,2,15.5,clear sky
662,Villaviciosa,ES,43.48,-5.44,64.0,75,41,5.37,scattered clouds
663,Bourail,NC,-21.57,165.48,79.9,60,100,5.41,overcast clouds
664,Santa Rosalia,MX,27.32,-112.28,74.41,45,0,5.12,clear sky
665,Itoigawa,JP,37.03,137.85,59.0,87,100,7.7,light rain
666,Bongandanga,CD,1.5,21.05,70.07,96,91,0.29,overcast clouds
667,Ola,RU,59.58,151.28,32.5,92,100,10.29,overcast clouds
668,Santa Cruz,BO,-17.8,-63.17,68.68,35,27,7.11,scattered clouds
669,Wajima,JP,37.4,136.9,57.2,100,75,9.17,light intensity shower rain
670,Alyangula,AU,-13.85,136.42,100.4,17,80,10.29,broken clouds
671,Abu Dhabi,AE,24.47,54.37,75.2,83,0,5.82,haze
672,Kodarma,IN,24.47,85.6,80.76,43,17,7.92,few clouds
673,Dataganj,IN,28.03,79.4,78.62,19,0,5.41,clear sky
674,Saint-Ambroise,CA,48.55,-71.33,39.2,80,100,3.8,moderate rain
675,Yenagoa,NG,4.92,6.26,74.95,95,96,0.47,overcast clouds
676,Pontianak,ID,-0.03,109.33,85.84,70,100,6.67,overcast clouds
677,Tsabong,BW,-26.02,22.4,71.06,66,0,17.11,clear sky
678,Mulki,IN,13.1,74.8,78.8,83,90,4.7,mist
679,Marsh Harbour,BS,26.54,-77.06,79.88,81,33,6.87,scattered clouds
680,Ewo,CG,-0.87,14.82,71.8,93,100,1.3,moderate rain
681,Ippy,CF,6.27,21.22,69.87,86,94,3.06,overcast clouds
682,Vanimo,PG,-2.67,141.3,87.26,60,39,6.89,moderate rain
683,Mata,PT,40.68,-7.46,59.0,95,88,4.65,overcast clouds
684,Tarko-Sale,RU,64.92,77.78,27.09,97,93,19.33,overcast clouds
685,Portland,US,45.52,-122.68,55.99,70,1,2.51,clear sky
686,Belogorsk,RU,50.92,128.46,28.18,96,100,7.63,overcast clouds
687,Crotone,IT,39.09,17.12,62.87,71,80,2.66,broken clouds
688,Opuwo,NA,-18.06,13.84,67.5,26,1,1.88,clear sky
689,Lorengau,PG,-2.02,147.27,85.5,68,29,1.72,light rain
690,Sudak,UA,44.85,34.97,54.14,73,74,4.27,broken clouds
691,Sadiqabad,PK,28.31,70.13,88.52,11,0,10.6,clear sky
692,Tukrah,LY,32.53,20.58,69.22,62,81,10.11,broken clouds
693,Santiago De Cao,PE,-7.96,-79.24,60.8,87,97,9.78,overcast clouds
694,Manokwari,ID,-0.87,134.08,81.45,76,100,1.72,heavy intensity rain
695,Chapleau,CA,47.84,-83.4,17.19,92,98,8.77,overcast clouds
696,Hualmay,PE,-11.1,-77.61,59.95,89,22,7.07,few clouds
697,Motril,ES,36.75,-3.52,61.0,59,0,1.01,clear sky
698,Bantou,CN,26.22,117.49,67.46,70,83,3.44,broken clouds
699,Barpali,IN,21.2,83.58,83.68,59,0,4.56,clear sky
700,Ankazoabo,MG,-22.28,44.52,80.92,46,0,6.4,clear sky
701,Dongsheng,CN,39.82,109.98,38.34,58,0,12.19,clear sky
702,Gebre Guracha,ET,9.8,38.4,54.7,67,1,3.18,clear sky
703,Ono,JP,34.85,134.93,62.6,93,75,12.75,light intensity shower rain
704,Touros,BR,-5.2,-35.46,78.8,83,40,9.17,scattered clouds
705,Tagusao,PH,9.19,117.81,84.42,74,99,16.55,light rain
706,Egvekinot,RU,66.32,-179.17,11.43,85,61,2.28,broken clouds
707,Norman Wells,CA,65.28,-126.83,1.4,84,75,2.24,light snow
708,Hofn,IS,64.25,-15.21,35.47,76,0,13.6,clear sky
709,Outlook,CA,51.5,-107.05,46.4,60,76,8.05,broken clouds
710,Dossor,KZ,47.53,52.98,53.83,41,0,15.93,clear sky
711,Sawtell,AU,-30.38,153.1,69.8,73,75,23.04,broken clouds
